artist,song,lyric_corpus,sentiment
김민석 (멜로망스),취중고백,요즘 난 미친 사람처럼,기쁨
김민석 (멜로망스),취중고백,무작정 달려왔어,분노
김민석 (멜로망스),취중고백,잠시 나올래,기쁨
김민석 (멜로망스),취중고백,아냐 안 취했어 진짜야,슬픔
김민석 (멜로망스),취중고백,귀찮게 안할게 혼자 아플게,기쁨
김민석 (멜로망스),취중고백,정말로 몰랐니,분노
김민석 (멜로망스),취중고백,이 맘 모르겠니,분노
김민석 (멜로망스),취중고백,갑자기 이런 말 놀랐다면 미안해,기쁨
김민석 (멜로망스),취중고백,눈물이 날만큼 원하고 있어,슬픔
김민석 (멜로망스),취중고백,지금 당장 대답하진마,분노
김민석 (멜로망스),취중고백,널 정말 사랑해,기쁨
김민석 (멜로망스),취중고백,진심이야 너를 사랑하고 있어,기쁨
김민석 (멜로망스),취중고백,주말엔 뭐할거냐며,기쁨
김민석 (멜로망스),취중고백,하지만 내 고백도 이해해 주겠니,분노
김민석 (멜로망스),취중고백,친구들 만나서 오랜만에,기쁨
김민석 (멜로망스),취중고백,대책없이 네가 점점 좋아져,기쁨
김민석 (멜로망스),취중고백,그리고 한번씩 누나 주려 샀는데,기쁨
김민석 (멜로망스),취중고백,뭐하고 있었니 늦었지만,기쁨
김민석 (멜로망스),취중고백,너의 집 골목에 있는,분노
김민석 (멜로망스),취중고백,너의 관심 끌던 나를,분노
김민석 (멜로망스),취중고백,놀이터에 앉아 있어,기쁨
김민석 (멜로망스),취중고백,술을 좀 했는데,기쁨
김민석 (멜로망스),취중고백,진심이야 믿어줘,기쁨
김민석 (멜로망스),취중고백,부담이 되는게 당연해,기쁨
김민석 (멜로망스),취중고백,후회없이 잘 해주고 싶은데,기쁨
김민석 (멜로망스),취중고백,가끔 전화해 장난치듯,기쁨
김민석 (멜로망스),취중고백,너 그냥 준다고,분노
김민석 (멜로망스),취중고백,나 그때 포기할게,슬픔
김민석 (멜로망스),취중고백,너만 생각해,분노
김민석 (멜로망스),취중고백,생색 낸 선물도 너 때문에 산거야,불안
김민석 (멜로망스),취중고백,나와 일주일만 사귀어줄래,슬픔
김민석 (멜로망스),취중고백,그 후에도 니가 싫다면,기쁨
김민석 (멜로망스),취중고백,자꾸만 니 얼굴 떠올라,기쁨
"경서예지, 전건호",다정히 내 이름을 부르면,끝 모양과 저 달보다,분노
"경서예지, 전건호",다정히 내 이름을 부르면,내 인생의 전부였다고,기쁨
"경서예지, 전건호",다정히 내 이름을 부르면,너의 앞에 서있는 지금,분노
"경서예지, 전건호",다정히 내 이름을 부르면,모래 위 떨린 손끝으로,슬픔
"경서예지, 전건호",다정히 내 이름을 부르면,나 하날 위해 준비된,슬픔
"경서예지, 전건호",다정히 내 이름을 부르면,다 줘도 안 아까워,불안
"경서예지, 전건호",다정히 내 이름을 부르면,고백할게 언제나,기쁨
"경서예지, 전건호",다정히 내 이름을 부르면,귓가에 말할 거야,기쁨
"경서예지, 전건호",다정히 내 이름을 부르면,이제서야 내가,분노
"경서예지, 전건호",다정히 내 이름을 부르면,부는 바람에 살며시 실어 보내,기쁨
"경서예지, 전건호",다정히 내 이름을 부르면,먼 훗날 내 생애,기쁨
"경서예지, 전건호",다정히 내 이름을 부르면,널 사랑한다고,기쁨
"경서예지, 전건호",다정히 내 이름을 부르면,하늘 아래 너와 나,분노
"경서예지, 전건호",다정히 내 이름을 부르면,별빛 아래 우리 그림자,기쁨
"경서예지, 전건호",다정히 내 이름을 부르면,다정히 내 이름을,불안
"경서예지, 전건호",다정히 내 이름을 부르면,남은 내 모든 날을 너에게,기쁨
"경서예지, 전건호",다정히 내 이름을 부르면,사랑에 눈을 뜬 건 가봐,기쁨
"경서예지, 전건호",다정히 내 이름을 부르면,두 뺨을 스치고,기쁨
"경서예지, 전건호",다정히 내 이름을 부르면,제일로 특별하다고,기쁨
"경서예지, 전건호",다정히 내 이름을 부르면,날 향해 웃어주는 입술,분노
"경서예지, 전건호",다정히 내 이름을 부르면,끝없이 별빛이 내리던 밤,분노
"경서예지, 전건호",다정히 내 이름을 부르면,아름다운 너와 나,슬픔
"경서예지, 전건호",다정히 내 이름을 부르면,5월에 피는 봄꽃 처럼,슬픔
"경서예지, 전건호",다정히 내 이름을 부르면,경험하지 못했고,기쁨
"경서예지, 전건호",다정히 내 이름을 부르면,길고 긴 겨울 끝을 지나,기쁨
"경서예지, 전건호",다정히 내 이름을 부르면,사랑스러운 두 눈을 가진 네가,기쁨
"경서예지, 전건호",다정히 내 이름을 부르면,우리 모든 날들과,기쁨
"경서예지, 전건호",다정히 내 이름을 부르면,그림을 그려갔어,기쁨
"경서예지, 전건호",다정히 내 이름을 부르면,녹아내려 언제나,기쁨
"경서예지, 전건호",다정히 내 이름을 부르면,새벽 바다 한곳을 보는,분노
"경서예지, 전건호",다정히 내 이름을 부르면,믿기지 않는 일만,기쁨
"경서예지, 전건호",다정히 내 이름을 부르면,너와 함께 걷는 거 같아,분노
"경서예지, 전건호",다정히 내 이름을 부르면,어떤 말로도 표현 못 할,상처
"경서예지, 전건호",다정히 내 이름을 부르면,이 순간 너를 꼭 안고,분노
"경서예지, 전건호",다정히 내 이름을 부르면,내 곁에 머물러줘서,기쁨
"경서예지, 전건호",다정히 내 이름을 부르면,내 사랑도 피어나,기쁨
"경서예지, 전건호",다정히 내 이름을 부르면,선명한 목소리로,기쁨
"경서예지, 전건호",다정히 내 이름을 부르면,기분 좋은 바람이,슬픔
"경서예지, 전건호",다정히 내 이름을 부르면,일어나고 있는 거 아니,슬픔
"경서예지, 전건호",다정히 내 이름을 부르면,마음 다해 고맙다고,기쁨
"경서예지, 전건호",다정히 내 이름을 부르면,아주 작은 소리로,슬픔
"경서예지, 전건호",다정히 내 이름을 부르면,부르면 내 마음이,기쁨
"경서예지, 전건호",다정히 내 이름을 부르면,난 더 바랄 게 없어,기쁨
"경서예지, 전건호",다정히 내 이름을 부르면,설레는 지금이,기쁨
"경서예지, 전건호",다정히 내 이름을 부르면,꿈이 아닌 걸 알잖아,분노
"경서예지, 전건호",다정히 내 이름을 부르면,잠들지 않는 바다 위를,기쁨
"경서예지, 전건호",다정히 내 이름을 부르면,선물 같아 널 안으면,기쁨
경서,나의 X에게,같이 별 보러 갈래,불안
경서,나의 X에게,네가 보고 싶어,분노
경서,나의 X에게,우리 다시 만날래,기쁨
경서,나의 X에게,널 다시 만나면,기쁨
경서,나의 X에게,네가 생각났어,분노
경서,나의 X에게,늘 집에 갈 땐,불안
경서,나의 X에게,이어폰 하나씩,분노
경서,나의 X에게,토요일마다 가던,기쁨
경서,나의 X에게,예쁘게 빛나던,기쁨
경서,나의 X에게,벚꽃엔딩같이 듣고 있으면,기쁨
경서,나의 X에게,내가 너무 그리워,기쁨
경서,나의 X에게,우리 둘만 없어서,기쁨
경서,나의 X에게,부러울 게 없었어,기쁨
경서,나의 X에게,내 곁에 있어줘,기쁨
경서,나의 X에게,내겐 너뿐이라고,기쁨
경서,나의 X에게,모든 추억들이,슬픔
경서,나의 X에게,너무 그리워,분노
경서,나의 X에게,너만 있으면,분노
경서,나의 X에게,이 밤이 새도록,분노
경서,나의 X에게,행복해 보이는 사람들 속에,기쁨
경서,나의 X에게,잠들고 싶어,기쁨
경서,나의 X에게,생각이 나서,불안
경서,나의 X에게,안녕 그대야,분노
경서,나의 X에게,네 옆에 기대서,분노
경서,나의 X에게,네게 말할 거야,분노
경서,나의 X에게,너의 품에 안길래,분노
경서,나의 X에게,날 보며 웃어주던,분노
경서,나의 X에게,가로수길 걷다가,기쁨
경서,나의 X에게,요즘 어떻게 지내,기쁨
경서,나의 X에게,널 사랑할 때,기쁨
경서,나의 X에게,너를 좋아한다고,분노
경서,나의 X에게,항상 뒤돌아보면,기쁨
WSG워너비 (가야G),그때 그 순간 그대로 (그그그),다시 너를 만나 더욱 더 소중해 같은 마음이란 걸,불안
WSG워너비 (가야G),그때 그 순간 그대로 (그그그),사랑했고 사랑할 거니까,기쁨
WSG워너비 (가야G),그때 그 순간 그대로 (그그그),다시 만나자는 너의 한마디에 울컥 눈물이 나,불안
WSG워너비 (가야G),그때 그 순간 그대로 (그그그),결국 기다림의 끝은 기적이 되고 기적 같은 우린 운명처럼,슬픔
WSG워너비 (가야G),그때 그 순간 그대로 (그그그),결국 너였단 걸,슬픔
WSG워너비 (가야G),그때 그 순간 그대로 (그그그),생각보다 오래 된 것 같은 우리 수다스럽던 그때가 생각나,불안
WSG워너비 (가야G),그때 그 순간 그대로 (그그그),같이 듣던 노래 그때 그 거리를 이제 혼자 아닌 너와 둘이 걸어,불안
WSG워너비 (가야G),그때 그 순간 그대로 (그그그),그때 그 순간처럼 날,기쁨
WSG워너비 (가야G),그때 그 순간 그대로 (그그그),다시 오른쪽에 나란히 발맞춰 같은 노래를 부르죠,불안
WSG워너비 (가야G),그때 그 순간 그대로 (그그그),처음 느낌 그대로 설렘이 가득한 날,기쁨
WSG워너비 (가야G),그때 그 순간 그대로 (그그그),사실 궁금한 게 너무 많았는데 반가움에 멍해졌죠,기쁨
WSG워너비 (가야G),그때 그 순간 그대로 (그그그),그리운 목소리 그리던 얼굴 참 많이도 기다렸어,기쁨
WSG워너비 (가야G),그때 그 순간 그대로 (그그그),서로를 알아보고 그렇게 눈앞에 서있죠,기쁨
WSG워너비 (가야G),그때 그 순간 그대로 (그그그),우리 사랑했던 우리 다시 만나 그때 그 순간 그대로,기쁨
WSG워너비 (가야G),그때 그 순간 그대로 (그그그),뭐가 그렇게도 할 말이 많아서 밤을 지새우곤 했죠,기쁨
WSG워너비 (가야G),그때 그 순간 그대로 (그그그),그리운 만남을 그리던 날들 참 많이도 기다렸어,기쁨
WSG워너비 (가야G),그때 그 순간 그대로 (그그그),잘 지냈지  조금은 어색해 요즘 좋아 보여 인사 나누며,분노
WSG워너비 (가야G),그때 그 순간 그대로 (그그그),고마워 다시 돌아와줘서,기쁨
WSG워너비 (가야G),그때 그 순간 그대로 (그그그),기다림의 끝은 기적이 되고 기적 같은 우린 운명처럼,슬픔
아이유,드라마,올림픽대로 뚝섬 유원지,기쁨
아이유,드라마,모두 날 위해 피어났지,슬픔
아이유,드라마,나의 드라마는 또 이렇게 끝나,슬픔
아이유,드라마,단역을 맡은 그냥 평범한 여자,기쁨
아이유,드라마,꽃송이의 꽃잎 하나하나까지,분노
아이유,드라마,예쁘다는 말 들을 수 있을까,기쁨
아이유,드라마,서촌 골목골목 예쁜 식당,기쁨
아이유,드라마,하루 단 하루만 기회가 온다면,분노
아이유,드라마,다시 누군가 사랑할 수 있을까,불안
아이유,드라마,혼자 남겨진 나는,기쁨
아이유,드라마,나왔는지조차 모르게,슬픔
아이유,드라마,언제부턴가 급격하게,기쁨
아이유,드라마,나를 휘청거리게 만든,슬픔
아이유,드라마,죽을힘을 다해 빛나리,기쁨
아이유,드라마,조명이 꺼진 세트장에,분노
아이유,드라마,내가 온 세상 주인공이 된 듯,기쁨
아이유,드라마,끝났는지조차 모르게,분노
아이유,드라마,주옥같은 대사들,기쁨
아이유,드라마,꽃도 하늘도 한강도 거짓말,분노
아이유,드라마,나도 한때는 그이의 손을 잡고,슬픔
아이유,드라마,단조로 바뀌던 배경음악,기쁨
MSG워너비(M.O.M),듣고 싶을까,후회도 미련도 없는 척 떠났지만,기쁨
MSG워너비(M.O.M),듣고 싶을까,누굴 만나 봐도 다시는 못할 것 같아,기쁨
MSG워너비(M.O.M),듣고 싶을까,이게 내 진심인 걸 꼭 알아줬음 해,분노
MSG워너비(M.O.M),듣고 싶을까,우리 함께 듣던 그 노랠 듣고 싶을까,기쁨
MSG워너비(M.O.M),듣고 싶을까,천천히 대답해도 돼,기쁨
MSG워너비(M.O.M),듣고 싶을까,듣고 나서 잠시 날 생각은 할까,기쁨
MSG워너비(M.O.M),듣고 싶을까,몇 년째 나의,분노
MSG워너비(M.O.M),듣고 싶을까,넌 내 목소리가 듣고 싶을까,기쁨
MSG워너비(M.O.M),듣고 싶을까,뻔하디 뻔한 노랫말 여서 미안해,기쁨
MSG워너비(M.O.M),듣고 싶을까,난 왜 니 목소리가 듣고 싶을까,기쁨
MSG워너비(M.O.M),듣고 싶을까,말없이 다 전해지는 건 없지 난 말해 지금,기쁨
MSG워너비(M.O.M),듣고 싶을까,못난 내 목소리가 듣고 싶을까,기쁨
MSG워너비(M.O.M),듣고 싶을까,아주 혹시라도 넌 내가 보고 싶을까,슬픔
MSG워너비(M.O.M),듣고 싶을까,미안해도 부디 넌 꼭 들어줬음 해,기쁨
MSG워너비(M.O.M),듣고 싶을까,무엇도 달라질 건 없지만,분노
MSG워너비(M.O.M),듣고 싶을까,그립고 또 그립다 우리 그 사랑,기쁨
케이시 (Kassy),언제나 사랑해,마주 보며 또 웃을 때,기쁨
케이시 (Kassy),언제나 사랑해,열이 나고 아파할 때,분노
케이시 (Kassy),언제나 사랑해,다시 태어난대도,불안
케이시 (Kassy),언제나 사랑해,내 입가에 늘 환한 미소만이,기쁨
케이시 (Kassy),언제나 사랑해,집에 돌아오는 길에,기쁨
케이시 (Kassy),언제나 사랑해,먼 훗날 아주 먼 훗날,기쁨
케이시 (Kassy),언제나 사랑해,보석보다 네가 더 소중해,분노
케이시 (Kassy),언제나 사랑해,미운 나의 손을 잡아줄 사람,기쁨
케이시 (Kassy),언제나 사랑해,저기 밤하늘의 별보다,불안
케이시 (Kassy),언제나 사랑해,옆에서 늘 힘이 돼준 사람 너야,기쁨
케이시 (Kassy),언제나 사랑해,세월 지나 많이 변했을 때,슬픔
케이시 (Kassy),언제나 사랑해,사랑해 나만의 사랑,기쁨
케이시 (Kassy),언제나 사랑해,얼마나 내가 얼마나 너를 사랑하는지,상처
케이시 (Kassy),언제나 사랑해,내 귓가엔 늘 너의 음성만이,기쁨
케이시 (Kassy),언제나 사랑해,널 만나러 가는 길에,기쁨
케이시 (Kassy),언제나 사랑해,우리 눈 감는 그날에,기쁨
케이시 (Kassy),언제나 사랑해,속상하고 힘이 들 때,분노
케이시 (Kassy),언제나 사랑해,후회는 없다고,기쁨
케이시 (Kassy),언제나 사랑해,눈물 나도록 사랑해,슬픔
케이시 (Kassy),언제나 사랑해,사랑한다 말하지 않아도 알아,기쁨
케이시 (Kassy),언제나 사랑해,사랑해 너를 사랑해,기쁨
케이시 (Kassy),언제나 사랑해,둘이 손잡고 걸을 때,기쁨
케이시 (Kassy),언제나 사랑해,나를 사랑해 준 너에게 고맙다고,슬픔
케이시 (Kassy),언제나 사랑해,영원히 너를 사랑해,기쁨
케이시 (Kassy),언제나 사랑해,내 모든 걸 너에게 줄게,기쁨
케이시 (Kassy),언제나 사랑해,내 사랑은 너 하나뿐야,기쁨
케이시 (Kassy),언제나 사랑해,흐르고 있어,기쁨
경서,밤하늘의 별을(2020),더 소중하니까,분노
경서,밤하늘의 별을(2020),숨이 가득 차올라서,기쁨
경서,밤하늘의 별을(2020),아무 말 하지 못했는데,슬픔
경서,밤하늘의 별을(2020),나나나 난난 난난나,슬픔
경서,밤하늘의 별을(2020),나를 아껴줘 이제부터,슬픔
경서,밤하늘의 별을(2020),그저 내 곁에만 있어줘,기쁨
경서,밤하늘의 별을(2020),외치고 싶어,기쁨
경서,밤하늘의 별을(2020),내 모든 걸 다 준대도,기쁨
경서,밤하늘의 별을(2020),오직 너 아니면 안 된다고,슬픔
경서,밤하늘의 별을(2020),널 좋아하는 내 마음이 표현이 안 돼,기쁨
경서,밤하늘의 별을(2020),두 번 다시 울지 않을래,기쁨
경서,밤하늘의 별을(2020),외치고 싶어 그저,기쁨
경서,밤하늘의 별을(2020),너는 내가 사랑하니까,분노
경서,밤하늘의 별을(2020),참 많이 어색했었죠 널 처음 만난 날,기쁨
경서,밤하늘의 별을(2020),너를 만나서 행복하고 싶어,분노
경서,밤하늘의 별을(2020),너에겐 아깝질 않아,분노
경서,밤하늘의 별을(2020),내 곁에만 있어줘,기쁨
경서,밤하늘의 별을(2020),너는 말 없이 웃으며 내 손 잡아줬죠,분노
경서,밤하늘의 별을(2020),멀리서 좋아하다가 들킨 사람처럼,기쁨
경서,밤하늘의 별을(2020),오직 내 눈에는 너만 보여,슬픔
경서,밤하늘의 별을(2020),혼자가 아니야 우린 함께니까,기쁨
경서,밤하늘의 별을(2020),밤하늘의 별을 따서 너에게 줄래,기쁨
경서,밤하늘의 별을(2020),떠나지 말아줘,기쁨
경서,밤하늘의 별을(2020),많고 많은 사람 중에,분노
경서,밤하늘의 별을(2020),이 순간이 영원하길 난 정말 행복해,분노
경서,밤하늘의 별을(2020),꿈이 아니면 좋겠어 자꾸 웃음 나와,분노
경서,밤하늘의 별을(2020),나 나나나 난난 난난나 나나난나,슬픔
이무진,눈이 오잖아(Feat.헤이즈),그저 바라봐 그때 마침,기쁨
이무진,눈이 오잖아(Feat.헤이즈),내렸던 그 눈이 오지만,기쁨
이무진,눈이 오잖아(Feat.헤이즈),버려야만 해,기쁨
이무진,눈이 오잖아(Feat.헤이즈),남아있는 게 맞지만,기쁨
이무진,눈이 오잖아(Feat.헤이즈),지금 눈이 오잖아,분노
이무진,눈이 오잖아(Feat.헤이즈),우린 이젠 없으니까,기쁨
이무진,눈이 오잖아(Feat.헤이즈),돌아온 계절,분노
이무진,눈이 오잖아(Feat.헤이즈),첫눈이 오잖아,분노
이무진,눈이 오잖아(Feat.헤이즈),내 이별의 숙제,기쁨
이무진,눈이 오잖아(Feat.헤이즈),그때 내가 밤하늘 내린,기쁨
이무진,눈이 오잖아(Feat.헤이즈),주머니 속 챙겨 나온 기억,기쁨
이무진,눈이 오잖아(Feat.헤이즈),나갈 수 없어 난,슬픔
이무진,눈이 오잖아(Feat.헤이즈),찬바람 막아줄,기쁨
이무진,눈이 오잖아(Feat.헤이즈),하얀 눈 예쁘다 했잖아,분노
이무진,눈이 오잖아(Feat.헤이즈),눈이 오잖아,슬픔
이무진,눈이 오잖아(Feat.헤이즈),우린 이대로의 모습으로,기쁨
이무진,눈이 오잖아(Feat.헤이즈),추억을 지우는 게,기쁨
이무진,눈이 오잖아(Feat.헤이즈),그 눈이 오잖아,기쁨
이무진,눈이 오잖아(Feat.헤이즈),않을 리가 없잖아,슬픔
이무진,눈이 오잖아(Feat.헤이즈),곁에 아무도 없을 때,기쁨
이무진,눈이 오잖아(Feat.헤이즈),한참 동안 눈이 왔잖아,기쁨
이무진,눈이 오잖아(Feat.헤이즈),주머니에 넣은 채,기쁨
이무진,눈이 오잖아(Feat.헤이즈),혹시 몰라 네가 좋아했던,기쁨
이무진,눈이 오잖아(Feat.헤이즈),생각에 잠기곤 해,불안
이무진,눈이 오잖아(Feat.헤이즈),지금 내가 생각나지,분노
이무진,눈이 오잖아(Feat.헤이즈),이 말 핑계인 걸 알지만,분노
이무진,눈이 오잖아(Feat.헤이즈),추울 때 따스히,기쁨
이무진,눈이 오잖아(Feat.헤이즈),네가 이젠 없으니까,분노
이무진,눈이 오잖아(Feat.헤이즈),안아줄 이가 없으니까,분노
이무진,눈이 오잖아(Feat.헤이즈),눈 내리는 소리,슬픔
이무진,눈이 오잖아(Feat.헤이즈),너와의 약속들을 되뇌었어,분노
이무진,눈이 오잖아(Feat.헤이즈),한 달 좀 덜 된 기억들,기쁨
이무진,눈이 오잖아(Feat.헤이즈),찬란한 그때의,기쁨
이무진,눈이 오잖아(Feat.헤이즈),마지막 안녕이 남은 거리에서 혼자,기쁨
이무진,눈이 오잖아(Feat.헤이즈),수많은 끝도 끝났어,불안
이무진,눈이 오잖아(Feat.헤이즈),눈이 오지만,슬픔
이무진,눈이 오잖아(Feat.헤이즈),걷고 있어 몇 시간을,분노
이무진,눈이 오잖아(Feat.헤이즈),거릴 거니는 내,불안
이무진,눈이 오잖아(Feat.헤이즈),눈이 오잖아,슬픔
이무진,눈이 오잖아(Feat.헤이즈),나온 번화가 그때 마침,슬픔
이무진,눈이 오잖아(Feat.헤이즈),친구들이 불러도,기쁨
이무진,눈이 오잖아(Feat.헤이즈),이제 인정하자,분노
이무진,눈이 오잖아(Feat.헤이즈),남아있는 건 없으니까,기쁨
이무진,눈이 오잖아(Feat.헤이즈),코트를 입은 채,불안
이무진,눈이 오잖아(Feat.헤이즈),우리 처음 만난 그 밤에도,기쁨
이무진,눈이 오잖아(Feat.헤이즈),함께여야 할 너 없는 이 겨울의,분노
이무진,눈이 오잖아(Feat.헤이즈),더 크게 들리네,분노
임영웅,우리들의 블루스,슬픔이 짙어질 때면 위로해 줄,기쁨
임영웅,우리들의 블루스,알게 되겠죠,분노
임영웅,우리들의 블루스,그 한 사람이 될게요,기쁨
임영웅,우리들의 블루스,폭풍 속에 혼자 남아 헤매도 오,기쁨
임영웅,우리들의 블루스,잊지 말아요,기쁨
임영웅,우리들의 블루스,그대 부디 울지 말아요,기쁨
임영웅,우리들의 블루스,눈물이 날 때면,슬픔
임영웅,우리들의 블루스,아프지 말아요 쓸쓸한 마음에,슬픔
임영웅,우리들의 블루스,외롭고 지칠 때 손잡아 줄게요,기쁨
임영웅,우리들의 블루스,작은 행복까지 모두,불안
임영웅,우리들의 블루스,슬퍼 말아요,기쁨
임영웅,우리들의 블루스,그땐 미소 짓겠죠,기쁨
임영웅,우리들의 블루스,길이 되어 지킬게요 그대,기쁨
임영웅,우리들의 블루스,그땐 웃을 수 있죠 나 약속할게요,기쁨
임영웅,우리들의 블루스,언젠가 우리 시간 지나면,기쁨
임영웅,우리들의 블루스,내가 곁에 있을게요,기쁨
임영웅,우리들의 블루스,그대에게 빛이 될게요,기쁨
임영웅,우리들의 블루스,그대 뒤를 돌아보면 돼요,기쁨
임영웅,우리들의 블루스,그댈 위해 노래할게요,기쁨
임영웅,우리들의 블루스,그대의 빛이 될게요,기쁨
임영웅,우리들의 블루스,잊지는 말아요 함께 했던 날들,기쁨
임영웅,우리들의 블루스,그댈 위해 약속할게요,기쁨
임영웅,우리들의 블루스,어두운 길을 밝게 비추는,상처
임영웅,우리들의 블루스,힘든 일이 참 많았죠 그대에겐,기쁨
MSG워너비(M.O.M),바라만 본다,내가 볼 수 있게,기쁨
MSG워너비(M.O.M),바라만 본다,어제보다 더 내일 더 널 사랑해,상처
MSG워너비(M.O.M),바라만 본다,둔한 바보도 눈치챌 그 사랑을,기쁨
MSG워너비(M.O.M),바라만 본다,바보 같은 맘에 하지 못한 그 한마디,기쁨
MSG워너비(M.O.M),바라만 본다,울컥 그리움이 솟는다,분노
MSG워너비(M.O.M),바라만 본다,한 사람을 다 가졌으니까,기쁨
MSG워너비(M.O.M),바라만 본다,외쳐 네 이름만 부른다,기쁨
MSG워너비(M.O.M),바라만 본다,보고 싶은 맘에 너를 향한 그 발걸음,분노
MSG워너비(M.O.M),바라만 본다,내가 너라면 다 알아볼 텐데,기쁨
MSG워너비(M.O.M),바라만 본다,네가 나라면 더 참 아팠을 텐데,분노
MSG워너비(M.O.M),바라만 본다,그저 멀리서만 바라보다 또 소리쳐,기쁨
MSG워너비(M.O.M),바라만 본다,그저 멀리서만 바라보다,기쁨
MSG워너비(M.O.M),바라만 본다,너만 왜 모르니,분노
MSG워너비(M.O.M),바라만 본다,매일 하루 종일 너의 생각에 사무쳐,기쁨
MSG워너비(M.O.M),바라만 본다,네 곁을 맴도는데,분노
MSG워너비(M.O.M),바라만 본다,널 사랑한다는 말,기쁨
MSG워너비(M.O.M),바라만 본다,웃는 모습만 보이며 살아가 줘,기쁨
MSG워너비(M.O.M),바라만 본다,너무 보고 싶다,분노
MSG워너비(M.O.M),바라만 본다,내가 너였다면 참 행복할 텐데,기쁨
MSG워너비(M.O.M),바라만 본다,슬픈 역할은 내가 맡을게,기쁨
MSG워너비(M.O.M),바라만 본다,지난 오랜 시간 너의 그 곁을,분노
MSG워너비(M.O.M),바라만 본다,내 맘 너의 곁에 닿게 될까,기쁨
MSG워너비(M.O.M),바라만 본다,오늘도 그리고 그리워하다,슬픔
MSG워너비(M.O.M),바라만 본다,더 가까이 네게 갈까,분노
MSG워너비(M.O.M),바라만 본다,혼자 바라고 바라만 보다,기쁨
MSG워너비(M.O.M),바라만 본다,애써 참았던 눈물이 흘러,기쁨
MSG워너비(M.O.M),바라만 본다,얼마나 그리고 그리워해야,상처
MSG워너비(M.O.M),바라만 본다,지켜온 나라는 걸,분노
MSG워너비(M.O.M),바라만 본다,한 걸음 더 다가갈까,기쁨
MSG워너비(M.O.M),바라만 본다,너를 바라만 바라만 본다,분노
MSG워너비(M.O.M),바라만 본다,널 위할 사람 찾아낼 텐데,기쁨
MSG워너비(M.O.M),바라만 본다,또 소리쳐 네가 보고 싶다,슬픔
MSG워너비(M.O.M),바라만 본다,네가 보고 싶다,분노
AKMU (악뮤),"어떻게 이별까지 사랑하겠어, 널 사랑하는 거지",사랑이라는 이유로,기쁨
AKMU (악뮤),"어떻게 이별까지 사랑하겠어, 널 사랑하는 거지",적막 짙은 도로 위에 걸음을 포갠다,기쁨
AKMU (악뮤),"어떻게 이별까지 사랑하겠어, 널 사랑하는 거지",주마등이 길을 비춘 먼 곳을 본다,기쁨
AKMU (악뮤),"어떻게 이별까지 사랑하겠어, 널 사랑하는 거지",한 발 한 발 이별에 가까워질수록,기쁨
AKMU (악뮤),"어떻게 이별까지 사랑하겠어, 널 사랑하는 거지",난 널 떠날 수 없단 걸,기쁨
AKMU (악뮤),"어떻게 이별까지 사랑하겠어, 널 사랑하는 거지",다 마를 때까지,불안
AKMU (악뮤),"어떻게 이별까지 사랑하겠어, 널 사랑하는 거지",내가 없이 혼자 걷는 널 바라본다,기쁨
AKMU (악뮤),"어떻게 이별까지 사랑하겠어, 널 사랑하는 거지",흑백 거리 가운데 넌 뒤돌아본다,기쁨
AKMU (악뮤),"어떻게 이별까지 사랑하겠어, 널 사랑하는 거지",아무 말 없는 대화 나누며,슬픔
AKMU (악뮤),"어떻게 이별까지 사랑하겠어, 널 사랑하는 거지",두세 번 더 길을 돌아갈까,기쁨
AKMU (악뮤),"어떻게 이별까지 사랑하겠어, 널 사랑하는 거지",너와 맞잡은 손이 사라지는 것 같죠,분노
AKMU (악뮤),"어떻게 이별까지 사랑하겠어, 널 사랑하는 거지",그때 알게 되었어,기쁨
AKMU (악뮤),"어떻게 이별까지 사랑하겠어, 널 사랑하는 거지",어떻게 이별까지 사랑하겠어,상처
AKMU (악뮤),"어떻게 이별까지 사랑하겠어, 널 사랑하는 거지",기다리는 게 이별일 텐데,슬픔
AKMU (악뮤),"어떻게 이별까지 사랑하겠어, 널 사랑하는 거지",이별보단 버틸 수 있는 것들이었죠,분노
AKMU (악뮤),"어떻게 이별까지 사랑하겠어, 널 사랑하는 거지",이후에 우리 바다처럼 깊은 사랑이,분노
AKMU (악뮤),"어떻게 이별까지 사랑하겠어, 널 사랑하는 거지",찢어질 것같이 아파할 수 없어 난,분노
AKMU (악뮤),"어떻게 이별까지 사랑하겠어, 널 사랑하는 거지",일부러 몇 발자국 물러나,슬픔
AKMU (악뮤),"어떻게 이별까지 사랑하겠어, 널 사랑하는 거지",널 사랑하는 거지,기쁨
AKMU (악뮤),"어떻게 이별까지 사랑하겠어, 널 사랑하는 거지",서로를 포기하고,기쁨
AKMU (악뮤),"어떻게 이별까지 사랑하겠어, 널 사랑하는 거지",우리 사이에 그 어떤 힘든 일도,기쁨
AKMU (악뮤),"어떻게 이별까지 사랑하겠어, 널 사랑하는 거지",난 더 갈 수 없단 걸,기쁨
AKMU (악뮤),"어떻게 이별까지 사랑하겠어, 널 사랑하는 거지",옆자리 허전한 너의 풍경,기쁨
AKMU (악뮤),"어떻게 이별까지 사랑하겠어, 널 사랑하는 거지",어떻게 내가 어떻게 너를,상처
임영웅,다시 만날 수 있을까,시린 폭포처럼,기쁨
임영웅,다시 만날 수 있을까,너에게 닿을 때,분노
임영웅,다시 만날 수 있을까,서로를 품에 안고서,기쁨
임영웅,다시 만날 수 있을까,떳떳하게 일어나 널 다시 찾아갈,분노
임영웅,다시 만날 수 있을까,그때 난 부끄러웠다,기쁨
임영웅,다시 만날 수 있을까,뜨거운 꿈만 꾸었다,기쁨
임영웅,다시 만날 수 있을까,하염없이 눈물만 흘려볼까,분노
임영웅,다시 만날 수 있을까,네가 없이 사는 법을 알지 못해서,분노
임영웅,다시 만날 수 있을까,붙잡을 마음이야 없었겠냐마는,기쁨
임영웅,다시 만날 수 있을까,쏟아지는 날 그 언젠가,기쁨
임영웅,다시 만날 수 있을까,무엇을 해야만 할까,분노
임영웅,다시 만날 수 있을까,보낼 수밖에 없었고,분노
임영웅,다시 만날 수 있을까,시린 바람처럼,기쁨
임영웅,다시 만날 수 있을까,그리운 마음이 서럽게 흘러넘쳐,기쁨
임영웅,다시 만날 수 있을까,그리 좋던 예전처럼 그때처럼,기쁨
임영웅,다시 만날 수 있을까,너를 위해 해 줄 것이 하나 없어서,분노
임영웅,다시 만날 수 있을까,순간순간을 울었다,기쁨
임영웅,다시 만날 수 있을까,후회로 가득한 한숨 자락이,기쁨
임영웅,다시 만날 수 있을까,되돌아갈 수 있을까,슬픔
임영웅,다시 만날 수 있을까,다시 만날 수 있을까,불안
임영웅,다시 만날 수 있을까,둘이 함께 했던 순간순간이,기쁨
임영웅,다시 만날 수 있을까,다시 우리가 만나면,불안
임영웅,다시 만날 수 있을까,가슴 치는 날 그 언젠가,기쁨
임영웅,다시 만날 수 있을까,우리 만날 수 있을까,기쁨
아이유,겨울잠,너는 아직 혼자 쉬고 싶은가 봐,분노
아이유,겨울잠,가장 좋았던 문장 아래 밑줄 그어,기쁨
아이유,겨울잠,긴 잠 실컷 자고 나오면,기쁨
아이유,겨울잠,움츠려 있을 너의 그 마른 어깨를,기쁨
아이유,겨울잠,다 가기 전에 널 보여줘야 하는데,불안
아이유,겨울잠,새삼 차가운 연말의 공기가,분노
아이유,겨울잠,내게 기대어 조각잠을 자던,기쁨
아이유,겨울잠,음 꼭 봐야 하는데,기쁨
아이유,겨울잠,나의 혼잣말을 담았어,슬픔
아이유,겨울잠,가끔은 철없이 보고 싶어,기쁨
아이유,겨울잠,그 모습 그대로 잠들었구나,기쁨
아이유,겨울잠,너의 머리맡에 두었어,분노
아이유,겨울잠,너 없이 보는 첫 봄이 여름이,분노
아이유,겨울잠,줄곧 잘 참아내다가도,불안
아이유,겨울잠,때 이른 봄 몇 송이 꺾어다,기쁨
아이유,겨울잠,그때쯤엔 예쁘게 피어 있겠다,기쁨
아이유,겨울잠,나 만나면 읽어줄래,슬픔
아이유,겨울잠,무슨 꿈을 꾸니,분노
아이유,겨울잠,새하얀 겨울 한 숨 속에다,분노
아이유,겨울잠,별 띄운 여름 한 컵 따라다,기쁨
아이유,겨울잠,깨어나면 이야기해 줄 거지,기쁨
아이유,겨울잠,뼈 틈 사이사이 시려와,기쁨
아이유,겨울잠,언제나의 아침처럼 음,기쁨
아이유,겨울잠,괜히 왜 이렇게 예쁘니,기쁨
아이유,겨울잠,너의 방 문 앞에 두었어,분노
아이유,겨울잠,빼곡한 가을 한 장 접어다,불안
아이유,겨울잠,꼭 안아줘야 하는데,기쁨
아이유,겨울잠,금세 다 녹아버릴 텐데,분노
아이유,겨울잠,너의 우체통에 넣었어,분노
케이시 (Kassy),늦은 밤 헤어지긴 너무 아쉬워,넌 나를 설레이게 해,기쁨
케이시 (Kassy),늦은 밤 헤어지긴 너무 아쉬워,오늘 너에게 고백하겠어,슬픔
케이시 (Kassy),늦은 밤 헤어지긴 너무 아쉬워,그 모든 순간에 내가 있음 해,기쁨
케이시 (Kassy),늦은 밤 헤어지긴 너무 아쉬워,참아온 진심인 거야,기쁨
케이시 (Kassy),늦은 밤 헤어지긴 너무 아쉬워,취해서 하는 말이 아냐,기쁨
케이시 (Kassy),늦은 밤 헤어지긴 너무 아쉬워,요즘 내 일상인 듯해,기쁨
케이시 (Kassy),늦은 밤 헤어지긴 너무 아쉬워,널 많이 사랑하나 봐,기쁨
케이시 (Kassy),늦은 밤 헤어지긴 너무 아쉬워,하루 종일 아무것도 안 해도,분노
케이시 (Kassy),늦은 밤 헤어지긴 너무 아쉬워,유난히 날씨가 좋은 날,분노
케이시 (Kassy),늦은 밤 헤어지긴 너무 아쉬워,너랑 있는 게 젤 좋아,분노
케이시 (Kassy),늦은 밤 헤어지긴 너무 아쉬워,고마워 내 인생에 나타나줘서,기쁨
케이시 (Kassy),늦은 밤 헤어지긴 너무 아쉬워,이렇게 날 안아줘서,분노
케이시 (Kassy),늦은 밤 헤어지긴 너무 아쉬워,어쩌면 너도 나와 같은 꿈 꿀까,상처
케이시 (Kassy),늦은 밤 헤어지긴 너무 아쉬워,늦은 밤 헤어지긴 너무 아쉬워,기쁨
케이시 (Kassy),늦은 밤 헤어지긴 너무 아쉬워,네가 살아가는 순간에,분노
케이시 (Kassy),늦은 밤 헤어지긴 너무 아쉬워,매일 마주 보며 눈뜨는 하루,기쁨
케이시 (Kassy),늦은 밤 헤어지긴 너무 아쉬워,영화 속에서만 보던 일들이,기쁨
케이시 (Kassy),늦은 밤 헤어지긴 너무 아쉬워,온 세상이 모두 잠든 것 같아,기쁨
케이시 (Kassy),늦은 밤 헤어지긴 너무 아쉬워,달빛도 하늘 아래 우리를 비추고,기쁨
테이,Monologue,너무 많이 울려서,분노
테이,Monologue,이거면 됐어요,분노
테이,Monologue,너무 투명해서 때론 불안했죠,분노
테이,Monologue,많이 부족한 나를 사랑한 그대,분노
테이,Monologue,감히 받을 수 없는 사랑,기쁨
테이,Monologue,나 같은 사람이 두 번 다시,슬픔
테이,Monologue,서툰 내 사랑에 지쳐 떠난 그대,기쁨
테이,Monologue,울지 마요 그대,분노
테이,Monologue,없다고 했죠,불안
테이,Monologue,그댈 위한 나의 사랑인 걸요,기쁨
테이,Monologue,그댄 여리고 너무 착해서,기쁨
테이,Monologue,더 이상은 그대 불행하지 않도록,분노
테이,Monologue,잘 생각해 봐요,분노
테이,Monologue,이거면 됐어요 더 이상은,분노
테이,Monologue,제멋대로 살아온 나를,기쁨
테이,Monologue,그대 때문에 행복했어요,기쁨
테이,Monologue,이젠 남이라고,분노
테이,Monologue,다신 나 같은 사람 만나지 마요,불안
테이,Monologue,잡을 용기조차 낼 수 없었죠,슬픔
테이,Monologue,또 해 버렸죠,슬픔
테이,Monologue,나쁜 일들만 가득했던 우리,슬픔
테이,Monologue,다 잊어야 해요,불안
테이,Monologue,싫단 말도 잘 못하는데,기쁨
테이,Monologue,감당할 수 없을 것 같죠,기쁨
테이,Monologue,나를 허락해 주지 마요,슬픔
테이,Monologue,다 잊었다는 거짓말,불안
테이,Monologue,너무나 쉽게 잊혀졌다고,분노
테이,Monologue,나 이쯤에서 없어지는 게,슬픔
테이,Monologue,그대 불행하지 않도록,기쁨
테이,Monologue,고마웠어요 나를 사랑해 줘서,기쁨
테이,Monologue,내 마음에 그대란 사람,기쁨
테이,Monologue,미안해요 내 사랑아,기쁨
테이,Monologue,혹시 찾아가도 두 번 다시,기쁨
